<?xml version="1.0" encoding="UTF-8"?>
<project-private xmlns="http://www.netbeans.org/ns/project-private/1">
    <editor-bookmarks xmlns="http://www.netbeans.org/ns/editor-bookmarks/2" lastBookmarkId="1">
        <file>
            <url>src/labyrinth/terminalManager/view/ViewManager.java</url>
            <bookmark id="1">
                <name/>
                <line>145</line>
                <key/>
            </bookmark>
        </file>
    </editor-bookmarks>
    <open-files xmlns="http://www.netbeans.org/ns/projectui-open-files/2">
        <group>
            <file>file:/Users/D/Uni%20Project/Labyrinth/Labyrinth/src/labyrinth/terminalManager/view/ViewCharacter.java</file>
            <file>file:/Users/D/Uni%20Project/Labyrinth/Labyrinth/src/labyrinth/game/GameObjects/Player.java</file>
            <file>file:/Users/D/Uni%20Project/Labyrinth/Labyrinth/src/labyrinth/game/InventoryManager.java</file>
            <file>file:/Users/D/Uni%20Project/Labyrinth/Labyrinth/src/labyrinth/Generator.java</file>
            <file>file:/Users/D/Uni%20Project/Labyrinth/Labyrinth/src/labyrinth/Labyrinth.java</file>
            <file>file:/Users/D/Uni%20Project/Labyrinth/Labyrinth/src/labyrinth/game/GameObjects/Ausgang.java</file>
            <file>file:/Users/D/Uni%20Project/Labyrinth/Labyrinth/src/labyrinth/GameMenu.java</file>
            <file>file:/Users/D/Uni%20Project/Labyrinth/Labyrinth/src/labyrinth/game/LifeManagerDelegate.java</file>
            <file>file:/Users/D/Uni%20Project/Labyrinth/Labyrinth/src/labyrinth/message/MessageDelegate.java</file>
            <file>file:/Users/D/Uni%20Project/Labyrinth/Labyrinth/src/labyrinth/game/GameObjects/Wall.java</file>
            <file>file:/Users/D/Uni%20Project/Labyrinth/Labyrinth/src/labyrinth/terminalManager/view/ViewManager.java</file>
            <file>file:/Users/D/Uni%20Project/Labyrinth/Labyrinth/src/labyrinth/terminalManager/TerminalManager.java</file>
            <file>file:/Users/D/Uni%20Project/Labyrinth/Labyrinth/src/labyrinth/terminalManager/CharacterUpdate.java</file>
            <file>file:/Users/D/Uni%20Project/Labyrinth/Labyrinth/src/labyrinth/terminalManager/view/View.java</file>
            <file>file:/Users/D/Uni%20Project/Labyrinth/Labyrinth/src/labyrinth/game/GameObjects/StaticMonster.java</file>
            <file>file:/Users/D/Uni%20Project/Labyrinth/Labyrinth/src/labyrinth/game/GameObjects/DynamicObjectUpdate.java</file>
            <file>file:/Users/D/Uni%20Project/Labyrinth/Labyrinth/src/labyrinth/game/LifeManager.java</file>
            <file>file:/Users/D/Uni%20Project/Labyrinth/Labyrinth/src/labyrinth/game/GameObjects/DynamicMonster.java</file>
            <file>file:/Users/D/Uni%20Project/Labyrinth/Labyrinth/src/labyrinth/game/GameLoadDelegate.java</file>
            <file>file:/Users/D/Uni%20Project/Labyrinth/Labyrinth/src/labyrinth/game/GameView.java</file>
            <file>file:/Users/D/Uni%20Project/Labyrinth/Labyrinth/src/labyrinth/game/GameViewDelegate.java</file>
            <file>file:/Users/D/Uni%20Project/Labyrinth/Labyrinth/src/labyrinth/game/GameObjects/DynamicGameObject.java</file>
            <file>file:/Users/D/Uni%20Project/Labyrinth/Labyrinth/src/labyrinth/game/GameSaveViewDelegate.java</file>
            <file>file:/Users/D/Uni%20Project/Labyrinth/Labyrinth/src/labyrinth/game/InventoryGameObject.java</file>
            <file>file:/Users/D/Uni%20Project/Labyrinth/Labyrinth/src/labyrinth/game/GameSaveView.java</file>
            <file>file:/Users/D/Uni%20Project/Labyrinth/Labyrinth/src/labyrinth/game/InputField.java</file>
            <file>file:/Users/D/Uni%20Project/Labyrinth/Labyrinth/src/labyrinth/game/GameObjects/GameObject.java</file>
            <file>file:/Users/D/Uni%20Project/Labyrinth/Labyrinth/src/labyrinth/game/GameModel.java</file>
            <file>file:/Users/D/Uni%20Project/Labyrinth/Labyrinth/src/labyrinth/message/Message.java</file>
            <file>file:/Users/D/Uni%20Project/Labyrinth/Labyrinth/src/labyrinth/game/GameObjects/Eingang.java</file>
            <file>file:/Users/D/Uni%20Project/Labyrinth/Labyrinth/src/labyrinth/game/GameObjects/KeyObject.java</file>
            <file>file:/Users/D/Uni%20Project/Labyrinth/Labyrinth/src/labyrinth/game/GameLoadView.java</file>
        </group>
    </open-files>
</project-private>
